Protein ID,sequence,AA_len
YP_214179.1,MVKVHITAKSSNMKVGKIPVTTTEESSCPTTCPFYGGGCYAKSGFHLRSHWEKVSKGERGTDWDGLTDFIKSLKAGQLWRHNQAGDLPHVDGHINLRHLFDLVQANQASQAKGYTYTHHLLHTHNKEAIKYANNNGFTINCSTESLEAADSAMNQGMPAVTVIPSDHKAIESYKVVHDGKKQELFKVKEKISTPDGRKVVVCPAQTCAPTKCETCKLCSKADRNYVIAFVAHGGGKKKVNTFLNN,245
YP_214180.1,MNVLIGCEYSGVVREAFAARGHNAWSCDLLPSDTPTDKHYQGDIFDFVDGDWDLAIFHPPCTDLAISGAAHFPEKIKDGRQQRAIEFVERLYKCGIPRICIENPVGVLSTKSKLGKPTQYVQPYEHGHFETKKTGLWLRGLNPLTPTDIKDLTGLPKKVTQRLHYLPPSPDRWKIRSTTYQGIANAMASQWG,192
YP_214181.1,MFYNTINDVSSSLVTTRTQERIILDCFKAAKEPLSPSMVHFLTKLKCPITSIRRAMSDLTKQGSLTKTPKYTIGKFGKKEHLWVRGRV,88
YP_214182.1,MNQAQFVDELMSFLFGYDYEYLSDEDCSYELALGMIKEKYALKKVNEPELFPVNDSRRASLRETQAQQAAMRQGQL,76
YP_214183.1,MKTKTINVADLLTYAERYAISKIISERVGAEYGDLHEFKWQMSVTGHFEIPETL,54
YP_214184.1,MTIDVKQTLNYSAAIRKAEPDWDDDQVRRAAEHCVLYMDVRIKPSKLKKVLEQYKETNYL,60
YP_214185.1,MEGHDHEDVAWKAKDWCDTRGFELIDIKPLTGRYPL,36
YP_214186.1,MKRKPNKGQRYFPNSCEAIRNTPDKYFPSMPYEAFEDWKIYGYQIPESVFCIIRMKDSNGKYTEKFYNTERGAKNCITKCMHENKEIYMATMEGMYHLKPSDLPLDFNNTND,112
YP_214187.1,MTEKTFNIRKAELLRDINKHPHKDELLNIMQQQLADDNVIVVTD,44
YP_214188.1,MPKDIHLKLKIEAATKDSTLEQIVIDAVDMYLQTNCKDS,39
YP_214189.1,MTNSDPSRVVTDYQMAKLAQAIEHFRTLDKEIPAQVIATFLYVASHDDCSKVDLEKALAFSSASGSRNTDWLSEFHRLNKAGLGLLIKYRDPTNRRRQIVKLSPKGRILVQQLKTILYGQSDLG,124
YP_214190.1,MVKATWGNCLKHTINTRDSWIYGTGAKSAITYANYFTEFRGLGFPVEKITIPLIDELKQHLKTDGRANATINRCLSSIKTVLNHCKDHGLIFFEIPKWKKLKENKYQRIHFTKDEVEAIVTAAVEVHGRQDLADIINFAAYTGMRQGEILKLSASRVDFLQNCIHVGARREDTTKTGTYRAVPIHSSLKHMLVDRTQNAGARDLVFGYDWKDKDQLLRAFKKVINRYPINLASEDGYCFHSLRHSFGTWHFAAGTKPRNLMEMMGHANIATTLGYGHATDEGKQHDINNI,290
YP_214191.1,MPTTADLEMQERFERKQIKGGLERFRSNTNKLLEKDYASATVFGSSSIETLLPYLVKYIDQKKEDRKNIPIGRHIHLLPYLFSLDSESQGAITAKITFDKLFSPRKDNSKVANVVQAIGSALEAECQMRYYESSAPGLFETLKKNYWHQAKGTAYKAKSMTTLMNKHEDLERWKPWNRIERIKVGTWFLDCLMESSEWFERELSMHRGKTQQFVVPTDKFHKNKEEIIRLAELFSPLAWPMLIEPRDWSPMHDGGYYLNDLTKCHEMVRRGKPLRIQGETTYQFLNEIQKVKYRLNPFIVMVAEELEEREIEVGKFRPVINHPDPPKPPNMEDEESRKQWRKDKAIARNKNANEWRISCRTRMTMNCVREFKDKEYYIPWSFDYRGRAYPIPSFLTPQDTDFGKSLIRFAEEAPITEDGMKWLAFQVATTYGLDKATMEERLDWVNEPENIKLIKRVATDPINNIGDWEAADEPFEFLAGCEEYYSVVLIKTRTTTGLPVATDATCSGLQILAGLARDKSTASLVNVIPSDKPQDAYKVIAEKSLEHIPERLRPYWDRKKTKRCVMTIPYNAKPFSNRQYIRDAFEDIDIEVENDELTQIVKAVRDAMEAVVPGPMKVMRWIEQEVSNAIKEGATEITWVTPSGFRVNQRLMKYDHKNVELHLMGRCRIKVIDGEKGVDLRHHKNATAPNLIHSLDASLLHLSATKFNAPIALIHDSVLCRATDMTNLSTLVRDTYMHLFAEHDFLKDFAKAINAKTEPPIIGDLEPESVIESTYFFC,778
YP_214192.1,MKNIHVTKEPVTLEGYQAILKPSKFGYSLKAVVGSDIVDALETERADCLKWAESKLKNPKRATLKPTPWEEVEEGKFIVKFSWAEDKRPPVVDTEGTPITNEDVPVYEGSKVKIGFHQKPYILRDGVTYGTSLKLSGIQVVSIQSGAGVDTGDLDQDGVAELFGKTQGFKADDPNVTPAEEAPVPDDDF,189
YP_214193.1,MFKSGLEEKVSDLLCELGVDYEYEGTSFSYTIAHKYTPDFVLPNGVVLETKGFWRPEDRRKVRQVIAENPGIDLRMVFQDPYKKISKKSKTTYAQWCKRYGIKWCAFHAIPIDWLT,116
YP_214194.1,MTESEFIRHDPCPDCGSSDALAVYTDGHTFCFSCHTRKAGDGQLHTHQMQSNVSFKGSAQRLQKRGISEKTCEKYKIYRDETHLRFPYFDGSGCLKGFKTKDKLKNFKYEGVSTDTLFGQHLFPSTGKRIVITEGELDAASCYEAMENWPMVSLPHGAAGARKDLQKQIPLLQGYEEIVLFFDNDDAGRRAVEQAASILPLGKVKIARLEQYKDASDALQANDKDAIRRAIWDAKEYQPDGIVDGKSLLEQVTTPSPPCNHSYPFPGLQSMTHGIRYGELTTITAGTGQGKSTFCRQLATELLNTGTKVGYIALEESNRRTALGLMSVAVGKALHLGEHEYTTLKDAYDSTISSWDLYLYDHFGSLSADTIYSRIEYMALGLDIKVIFLDHLSILLSGLDGDERRMIDQTMTNLRSLVERTGIKLFLVSHLRRAQGDKAIEDGQKVSIGMLRGSASISQLSDTVLALERDQQNPDDVSTLRILKNRYSGETGVAAQLKYDKTTCKFNETTDPIFNPSTDF,520
YP_006355437.1,MSEKQMLVFDCETNGLLHDVSEIHCIAIYDSQKEKTFVFNNQGGDCYPITEALHWLTHADLIVGHNIIGYDLPVLRKTYSWFEPCNNVVDTLVLSRLYHPNMMDIDKKRNVARMPLQLYGRHSLEAYGYRLGEYKGEFGKTTDWKEWSQEMQDYCVQDVQVTTKLCEHFRPYLTGVR,177
YP_006355438.1,MRTLPPLPDWCSLEHRVAEILTEQEINGWTFDEQRSFKLESHLRREMEETQAILRGQFPFVAGSLFTPKRDNATQGYREGCEIQRIKEFNPTSRDHIAWILTTHFKVKLNKITTTGKPIIDEITLTEINIPFSLLCAKCLTIKKKLGMISEGVNAWNRLVTTEGRIHHHCSVSTNTFRCAHRKPNLGQVPADKEFRELFTASPGMTMVGADLSGIELRMLAHYLGRYDGGRYADILLNDDIHQVNADKIGITRRQVKTVTYAFLYGAGNLKLGLSYDNSLQPSKASKKGQEIRKAFVSAIDGLADLLAAVSAKATNGWLLAIDGRRVLVDSPHKALNYLLQCSAGVIAKRWMCIADSFEVAQDSHTHQLAFVHDELQYETLPEYAEVLMEALESSAKLAGEYYNLRCPIAAESKQGKTWADVH,423
YP_214195.1,MKTKNKSDFQIYQLEKNTLGDLCEYHVALEAAKRGAKVYKNISCVGYADLILEIDDRFIPIDVKARYWVDEKNSFRTKASTALCQVVCVEPDDVNGWTISWPLKHGGKTSEHVNCPEGLEAFWK,124
YP_214196.1,MKLLIDCDYIVYKCCASAETEIDFGEDVILVTSLFSEAYKCVERELQKVKDVFPFYEDIILFFTSPNNFRKKILPEYKGHRNRKKPCGYKRVIQELKKNYKVILRDTLEADDAMGIYATKHTGNVIVSPDKDMRQIAGKLYDFNETVDITPDEGARWHLIQTMAGDNTDGYSGVPGIGVKRAEQIFKLKGYTWKAVVETFEEKGMTEEDALMNARLARILTSTDYDHEKKEPILWTASADYKVDNRTRFQTETVGDPVI,259
YP_006355439.1,MTTRKKNQSFGPPPPITKLTTEQDFKLRQLEILLSKPETRKEDIAIVMIALQEQAFVLSNCIKNLIEKWPKPPTTTDPRTTNEVPLMFGILLETKDSDFTSET,103
YP_214197.1,MKSNTEPNIIARTGRVQSWIDNPTSRLPVSCTIFVVEDSMEGKDGIEASWRFVSHALRFGAGVAVHLSKLRPAGTRTNKGPDTLVASGPVSFAKIYSTLNEILRRGGTYRNGACVLHLDINHPDIIDFVQVKRQELPWVKRCVDLTREQWSNTETRTKEAIIQGIARGDIWLNKIKYDNDGNRIYSNVCLEVYLPSRGTCLLQHLNMSACRIGDIREGMREGMSDLCKLHSRTGIEESGEYLAPDIDRQVGFGLLGLANFLANNKITYAEFGKALRATNDAQPYEGYAGLAARELYLGIQEAANVARENNMVRAFAIAPTASCSYRSRDLHGYTATPEIAPPIARTVDRDSGEFGVEQVKYGNVEIASEVGWDAYKLVADQIMIMLERTGLLHGYSFNSWSDMVTYDEAFIEEWLESPQTSLYYSLQVMGDTQDKSDAYAALDQSEVDDYLAEIMSNNPDEIACDCQQ,468
YP_006355440.1,MKYLGEVVRTVTVPAFYTLILITPILLTSCKSKDKNSHGLNDVWTSPENSGLIQKLEQRKQLYKELLGETSGSTK,75
YP_006355441.1,MITMETESIQTSVLRFTCPHAERASYSTLICQPVVSATYEKVCVKVCQICASSIVGQGLKNLESILHQISTGKLDSDS,78
YP_214198.1,MNPYEKLLNRKRKWTPVQTTKGKLKYGAEETIYRALAVRNMECPVGAFVSDSLSEIPEKSRELLESNIKDEDNHDLALGYIANAIGVDDKAEAEALRLRDAWIEHPDHTILKALVIERAIFFVLLPFFRFNGDAGLRTVSADISRDEQIHVATNSLVCAELGLKPSQSLDKLRKATINWIMQPLNQIHDDQYLSKKFWLDASDRLMYEGKAPEFNETKAARMPAFFEHANTNLPQYS,237
YP_214199.1,MQTQISLSTLRLHNERLDKLLIKLEENFGWKPIHPKEDVQTIMYRAGQASVIDYIKSIMEDEI,63
YP_214200.1,MCIFRAPKPPEPPAPLPPAPVPPAPPAPPAPVPEPTVKPVNPAIREAQSKLGTKKGKKGSTADLRIEKQKQQVSSGTQGSINTGNTSTTGGIQ,93
YP_214201.1,MKARERYNQLTTARQMFLDKAVECSELTLPYLIDDDISSRPNHKSLTVPWQSVGAKCCVTLAAKLMLAVLPPQTSFFKLQVRDDKLGEELDPQIRSELDLSFSKMERMIMDYIAASNDRVAVHQALKHLIVGGNALIFMGKDGLKTFPLTRYVINRDGDGNVLEIVTKELISRKVLDIELPEPKPNTGIDESSTTNDDVTIYTYVKLDKSSGRWVWHQEAFDKIIPDSRSTAPKNASPWLPLRFNTVDGEDYGRGRVEEFLGDLKSLDGLSQSLIEGAAAASKVVFLVSPSSTTKPATIAKAGNGAIVQGRPEDVAVIQVGKTADFSTAANMATAIEKRLLEAFLVMNVRNAERVTAEEVRLTQLELEQQLGGIFSLLVIEFLIPYLNRTLLVLQRSNQIPKLPKDIVRPTIVAGVNALGRGQDRESLTAFVGTIAQTLGPEALMQYLNPLEAIKRLAAAQGIDVLNLVKTEQQLAEEQQAAQQQAAQQSLVDQAGQMTGSPLMDPTKNPQLMDEEQPPMEE,522
YP_214202.1,MAETLTVNDTPQQEGLTSEEQDSLQVGEKMVEQQGELLAGKYKNAEDLEKAYVELQKKLGDKEDAVSQEGREETEEVKDESEEEPKAEKSEAVTLLESANEEYFANGNKLSPETLEKFSAMSSQDLVQAYMEMQKNAPPAQTEVDVNTAEINKIQNSVGGESEYQKLVQWAGENLKENEVKAFDDLVGTGNAAAIQLGVDALKSKYDSANGYEGRMLSGKAADSSGDIFKSQAQLVKAMSDPRYDDDPAYRQDVIAKLDRSDLQF,265
YP_214203.1,MKTKDLDTLLENEYAYEPPIQLLPKQKLMSPEAERFNGWAAMLGFVAALGAYVTTGQIIPGVF,63
YP_214204.1,MAAISVTREGTTNWQKFCEWVTSTENRLYVGWFGVLMIPCLLAATTCFILAFIAAPPVDIDGIREPVSGSLMYGNNIISGAVVPSSNAIGLHFYPIWEAGTLDEWLYNGGPYQLVVFHFLIGVAAYAGRQWELSYRLGMRPWIFVAYTAPLSAALAVFLVYPFGQGSFSDGMPLGISGTFNFMFVFQAEHNILMHPFHMLGVAGVFGGSLFSAMHGSLVTSSIIKETTEDVSQNYGYKFGQDEETYNIVAAHGYFGRLIFQYASFNNSRSLHFFLATFPVVGIWLTSMGICTMAFNLNGFNFNQSVVDVNGKIIPTWADVLNRANLGFEVMHERNAHNFPLDLASAESTNIALTAPEIG,359
YP_214205.1,MKTQDPEILKLQKQVDKLLEEYRQEEYKKKEDPIGDPSY,39
YP_214206.1,MANANQVALGRSNLSTGTGYGGATDKYALYLKLFSGEMFKGFQHETIARDLVTKRTLKNGKSLQFIYTGRMTSSFHTPGTPILGNADKAPPVAEKTIVMDDLLISSAFVYDLDETLAHYELRGEISKKIGYALAEKYDRLIFRSITRGARSASPVSATNFVEPGGTQIRVGSGTNESDAFTASALVNAFYDAAAAMDEKGVSSQGRCAVLNPRQYYALIQDIGSNGLVNRDVQGSALQSGNGVIEIAGIHIYKSMNIPFLGKYGVKYGGTTGETSPGNLGSHIGPTPENANATGGVNNDYGTNAELGAKSCGLIFQKEAAGVVEAIGPQVQVTNGDVSVIYQGDVILGRMAMGADYLNPAAAVELYIGATAPSAF,375
YP_214207.1,MATTTIQPDTELSAVNSILGSIGQSPLTTLNYNNPETAFVYNLLVEANKDVQGEGWHFNTEDHVLVTPDATTKYINVPSNYLRYDLHSGHVDKSMDLVKRNGRLYDKVGHTDQFDDDLYLDIVTLYPFEDVPPIFQRYIISKAAVRAATQLVANRELVALLQVQEQSARANVLEYECNQGDHSFMGWPHESSYRPYQPYKALQR,204
YP_214208.1,MASVTQTIPTLTGGLSQQPDELKIPGQVSVANNVIPDVTHGLLKRPGGKLVASISDNGTAALNSQTNGKWFSYYRDETESYIGQVSRSGDINMWRCSDGQAMTVNYDSGTATALTTYLTHTNDEDIQTLTLNDYTFLTNRTKTVAMSSTVEPVRPPEVFIDLKATAYARQYAVNLFDNTTTTAVSTVTRIDVELIKSSNNYCDSNGAMVARTSRPSNSTRCDDSAGDGRDAYAPNVGTKVFNVTDGASLTDEANSGSYTYTIDVKDSSNNSVNRGVNLYFRIRTVGQSVPFTTGSGSSATTTYQARYTTTFDLLYGGTGWQEGDYFYVWMKDGYYKITVEAISTANVQANLGLIRPNPTPFDTETAVTAESIIGDIRTAIIATGNFTSANVQQIGTGLYVTRPSGTFNVTAPSSDLLRVMSGEVANVDDLPSQCKHGYVVKVANSEADADDYYVKFFGHNNRDGDGVWEECAKPSRNIEFDKGTMPIQLVRQANGTFTVSQATWQNAEVGDELTNPNPSFVGKTINQLVFFRNRLVFLSDENVIMSRPGEFFNFWSKTATTFTPQDVIDLSCSSTYPAIVYDGIQVNAGLLLFTKNQQFMLTTDSDILSPETAKINAVSSYNFNEKTHPVSLGTTVAFIDNANQFTRFFEMSNVVRQGEPDVVDQSKVISRLLDKNISLVSVSRENSVVFFSQKDTDKIYCFRYFTSGEKRLLQAWTTWTITGNIQYHCMLDDALYVVTRNNNKDQIVKYSLKLDDAGHFVTDTQGTTSTDDDSIYRVHLDHSSSVTAASNTYNTTTIKTTIPKPNGYESTKQLVAYDTDAGNDLGRYALVTVSGSNLEIPGNWSNNSFIIGYLYEMDVQLPTLYVTQQVGDKYRSDAKSSLIVHRIKFSFGPLGVYSTTIQRDGKPDFTETKELGLAGVVGASRLPIVPEVIETVPCYERNTNLKVNVKSEHPAPATLYSLAWEGDFTNRFYKRV,976
YP_214209.1,MSKFIHPVTKEAALDVASNLLPDDRREVEEGHGHDPVKVIPLCAAYGDSVYFTVPNGDLAGVAGVQEDGRIWMLCTPAIHKYPLTFAREAKRYVESREEKLLWNIVDKRNRVHIKLLRFLGFKFLRELKHGPNQLPFMEFCRVFRSGC,148
YP_214210.2,MCLGAAAKAANENARRRYKYENERRERNWMQTMSIYNAQKVKYDEDVQNAGLAQAQVKTDQQEAMDLARGEAQIKYAELFRKLLNDSTYGKLVASGQTGQSTRRRATMDYAKYGRDVSDIARRLTLNDRELARKSSEQISKYKQFKDEAFAKVAFQPIPDVAPPQPVMRNVGAEAFMGALSIASNVATMGGQSGFGWWGG,200
YP_214211.1,MTNSFFNFTEAPDFAAAIGATYESVNTSYDRREELEQKNDAVRLKNAETLEKLPEEIIKTLPTVKKAVDAINKKRREALLAKGYEGIDQELIDKDKESLNTLFNIGKAENFIKNEALKNGDNVTYETIDLSGPHGTRRRLLMIEEIKQRLATEFNPWVTKNYPAGFNTVQEARLAFDKYKQGILNNADELGFNLRFTKSQLKDSFNTVESTFYETTNTAITSKNVLKEQSRMISEVTHALNAEDPLKAFIEASEYNIGYFEGNIAKAERAFINIGLMGTKKGSINIDKFESVLFGEVTAKGDKTRILIDKLGGGEENRLWAEGVLNEIENAKKGVFENKELNRTNYAKGFVEGIQEEENKTNTRMTKVELARYVTENWDITQGGSNLPEFVKNRFAKETGDDILIKAELDYKLDKGIPITEKEVLKLSDPFVEAQYLAKVKTGNPLAPSSDFKALAKSQIKGYATVHAKQAGVAPGKESPQWNNIVENAEREYPLLFAKYMQTADSAVDAHILALKDLESRTNNGVYDNLVVNTDKNKIRSVELIKAEEHIKTIDPNVINTGLIFGTEEVIKEAAELPTGQTHLFYDQLAAKIPGVTGAEIQYKQVEIYNKMNKLEKPVKSDVLLAYEKLSPTVQFYLSHHPSPAKVARAKIEAFKDDAQIDFDEIDFLLPAAKEALEKTIEDEGASFILNELDTEEFLELDTEAQELIMPTPQLGEYNRAEPVEGNWQKIPNQIGYYVYKNGEWQKSGQRGKNKLEYKDLIDGYRDIDGYFKPTFKADPSNPNLGAWKKIPNAIGYFVWDGKEWVRSGQKGKGEEFEGDIENFRDINLDETIKKVN,837
YP_214212.1,MSSDYQIDIDAQAIQDSALEFNEIYEENEKIEAQKREQELLLQQQQEQAQAEFDDPRNKEGGGGLRGISKEIRSAIGGGLQDTASSIVTLPERAIDMFSGEMVQEQQTDEGYGAEWDDWFVDDANPIETKTWWGGALRSLVHFGSMAAAIIPAAKVLGVTAASTAVGSLVRGAGVGAVSDVISKYSQEDNGLGILRDRFNFIDTPISTKEHDHPAMKTLKNVVEGMGIGVVFDGLGIALGKGLRKTKINKAGQEVVEDGVSDAVNRATAREANVNAQIDEKAALQAQSMRGQYGGYKNKPISDPWQASPNSTGKAADVYYQKQRIDTDWGSQHGSTDSPFTQRQIENLSESADIAEKEMVELMKPFMSDARIQAEIQGLKSGQSLADKFYDSIRRAHEVMNGRERLEDIDPDMFAAFDARSDTIKGKKVWQTADVLAADFVIGALFRKARDHGIAGRELFEIADLADIDGPAKALYDTLVGAVIQRKIASYTRGMELKNLDVRNPANKQALKDGINAEIEKTKLAYQVAFKYAGDNQDDSLFRAYYEAVSMSNDIHNFDDFDAFIKRKLKGGELNGKVKTGVLIKELQGVMINSVLSGPKTSVRAIMGTGTATFLRPFSQVIGATLTGDKTTQRAALAAMSGMMESIPEAWKVFSTKLNSYWSGDISTIKTRFNQVTKGDEQWAMLGDWIENSGKANAGDKAAYYMANQARALNDNKFLTYSTKIMAATDDTFGFLLARSRAKEKAMRLAMEQLNKGNITEITPDLLKNAQDRFYAQITDADGNITEAATLFAKKEATLTTDLTGFSKGLNDVFEAAPWAKPFFLFARTGVNGLSLTAKHTPGFNFLVKEWNEIAFADPSNLSGLQRYGIETAEDLANAKALQVGRLAIGSSVISMAALHFMNGGLTGNGPADRQKRQAWIDAGYKPRTITIGGVQVSYDSFEPFNLILSTIADVGDYSQLMGEEWTEDQFQKLALVVAQGISSKSYMAGIQQFVDLFGGQAGSWERIISGLINNQIPLSSLRNELGKVFNPHMKELNSGIIESIRNRNLISEGLAINELPTKYDMLNGRPIKDWDFPTRMFNMFSPFYVNLDQSEGRKLLFNSGYDLRMSTYSSPDGIDLSDNARLRSLYMKAIGDQNLEAKLNKLAKNPKVIASIEKMQADLRAGKKEINPRTAYVHNKMIHTLFMEARKIAWAKVRNDPEALQLYAEDKRINIQNETSLNTTRNYTNQNAESNPSNLLLPYR,1245
YP_214213.1,MATTEHFYTGNGSTTSFAFTFPYLANVDVKVELDNVLKTENSSGQTNNDYTISNTNIVFNSAPGSGVIIHIYRNTNVDTAQATYAAGSSIRAVDLNNNQTQVLYSTQEAQSQIIRTTDIKDGAVNSTKIENNTIVNADINSSAAIDGSKIQASSGSNSGTMSAANFTKLGGIETGATADQTAAEIRTLVESASDSNVFTDADHTKLNGIESGATADQSVSEIKTLIAGSPLSNTHIAADADIAHSKLADVTSSQVLIGNASNVPTATSLSGDVTLNNAGVVTIANDAVEIGMIGCEQTTITDSDSHLPTSGAVVDYVSSQLAPIGGLEVIANEVSFPNTQPAAGVVISITDAGGVVFNGSGSSTTGRTLGGATVTINNAPTALNSETLVAGAGLMVSSTGSSNIYNYHKLFVKESDVVQLSDDINDFNSRYRIAASAPTSNNDEGDLYFDTAANKMFVYDGSAWGQVTSTGEFKILGIKDNGQAHNGSGPTFNGSNDRFDLFENASAADISQASQLLVVLNGVIQKPNDGSFSGTEEGYYLDGTDGIRFCDPPASGSTLFITKQGSATQINTPADNTITQAKIAVDAVDEQRLQVSNAPTNGYYLQAQSGNTGGLTWAAVPNPDLTQLSASNLTSGTIPDARFPSTLPAVSGANLTGLPPSCTGGGSDEIFWENGQTVTTNYTITNNKNAMSAGPITINNGIAVTIGTGENWTIV,715
YP_214214.1,MPITLNGSGTVSGISAGGLPDGIIQSADLASGVGGKILQIVSASKGDIQSWTGQSETELTNLAPTITPSSASNKILVLGTLYSSSDTAQVTAYNVVKRSINSGSFTIIGNHATASDSNSTQAHGHGGNFSGTWNLMNSSINFLDSPNTTQAIVYKWFFRSEITSTTYINKTGRNNTVYHPKTVSVLTLMEVAA,193
YP_214215.1,MSQLKLTADSGGGTVAIKAPASTTGNAAFELTVPGTGNRGLGKILQVLQTVKTDTSSTTAVNSFEDISGMSIAITPSSTSSKVLVMVDMRLSTNTNRNITYRLMRGSTVIYVGDSAGSRTQATGSMRLTDDAKYDMQSETAIFLDSPSTTSATTYKVQWTQTYSSSGESMYINRSYVDNDVDDRNRCASSITVQEVAA,198
YP_214216.1,MATLNATNLKHASSSSNNIVLAADGSVSMPNSSFGKILQVKQAVKTDTASSNTATFADLSGLSVSITPASSSNKILVSCALHVSSQQNSFQGFKVLRDSTAIGLGTAATGNMSNVSFATMAVNTGSAAYGLRSANFEFLDSPNSTSAITYKIQWASLYQSYTSYINRPYSTTNEAFNSHASSSITLYEVAA,191
YP_214217.1,MALDHEAIYSAYSGTVVSIDDSKGAFDKDGKSVTLDNDKVVAARKAIDDAYAAKEYQRKRKEEYPSWEDQLDKIYHSGIDAWKADIKAIKDKYPKP,96
YP_214218.1,MSRIIVDAIRNSSASSDGITLSSDGKVAFPNTNTGKILQVVNTTFNTRASLSITNRYLNNSANIYYVTGIDTTVTTTQANSKLLISGSLSGEFSNREDFFGYIFSSTIGGTTAPIDALRATTDSKTNRPRYTFLPSIAYSATNNDSTPNTTPFSNYLYAPAQASGTAITIRLGVACHTGGSETLYINQCVNTSTNDSDYEHSTSHMTVMEIAA,213
YP_214219.1,MPTIVIPPVQNIETISIPLPTGNVPFYKPLVVPPSDLREPEGVQAEASDEVDTGIRNVNIPVLDFNVPLPENEILITASTTAVVSVAATLTATAAFKYVVTAMKPILKTAWKKLSPKSQKV,121
YP_214220.1,MEEVKSEKPKGLIGKLKDAAEDKEHQIEVLGTFVRLGVVVWSGFIITMNYVDIPMVKKSGNSDITFVASVFTGALATFGLTTGKNGNGKKPECPMAKKPTTKA,103
YP_214221.1,MKKLILLLALLSPSIARANTVTPQFTTGSMNSTTTTTQTIVETEQVQVFGAALNTWSGTNITASASAGIAGGDAVFTVTDTTLPWTLETTTRAAGIVEQRDYTRNYTINSTTTSLSVFSQ,120
YP_214222.1,MAAATGNVTNQAVQFQNNGAPSRQSFGNNISCNGSTMTFSPFYMGNDTEPQTEDGYVISENWGFQINFSVPLNRDLTKQCERMAESQINKNKLDFELVRALKCAELQQKGFTLLPGSRVYHLCSDVVPIQSLIKKDVSNSKTTSSNWFKKP,151
YP_214223.1,MATEKELKEYNDFLGKHLKRFTDDSKVPTFQHWKKTKGTNRLVKKKSKLKIKKT,54
YP_214224.1,MKKATEEQFSELHQLVTNEFLSRVKSGQATTQDLKAACDWLKSNDITGVAYDGNPLDKLAKVMPQIDPELVKERMYGRRS,80
YP_214225.1,MAGGAKYANGNYKSQQKAYNKTKKGLALRVNANAINRAKGTYGNGDGKDVAHKKGKQNSKKAKDATLQSPSKNRKSRLKIRK,82
YP_214226.1,MTPLLPSPKHYLHNLITMTSSDSKRLWRRAIKEHFNCQCVYCGENYELHELTLDHVQPRSKGGQDLTTNVVCACQKCNQDKGSRNWLHWMRAKFGHSPHREKTISDHIAA,110
YP_214227.1,MSREKQKVYEKIQKGFQEDTIAGAKLRKDVPLLATNLNKAEHLEFLFKEYRKQGLIPKKFKNAEQLKNQLQKQLYAIWNKIAKEDPSVKNDKGFRIAFFNKYRQELLSKMVQKEAISKLTPAQKANPEIMDQISKMRWKGLPIKVNDKGKLSFDRRYFQDKVSQRVIKYANSLEPGLGDKWAKEMRASWNAIGERNRAIKANSGLSFDIGHFIPSKLDGPNVGINAAPEPSAANRSKGSTPFSADRNLARQLGIPESWMQSFTDWHLRQQGMDPNLLPKGYELKGSQVVDAASGISDPNAEIAKNRTQFELDQQEIPEGKLQSDFEIVDGQVIKKVKQTPSQQILGVINKRTNKLNTLSDLLQNPVENYEVNYTPKNGNGNGNGNGVNGKNGNGIAVNGKNGKNGFLKGMENVKNYSGLGKLRDADQLANIGLNVSTGNYVGAGIGATTYGTSKALQNKQVQARVAKQITKLVAERGAKSAAKMIPGLDILLSSKESWDYLKRGRWDQAGIAALSGAIGWIPVVGDGASAALDLSNTGLDIARLQAPTGTKKKKNKNTLTRFFKGLNT,568
YP_214228.1,MNDTLKALQGDFKLFLQALWDQLDLPSPTRAQYAIADYLQSGPKRLQIQAFRGVGKSWITGAFVLWTLFNDAEKKIMIISASKERADNMSIFLQKLIIETPWLKHLRPKSDDARWSRISFDVLCSPHQAPSVKSVGITGQLTGSRADLMILDDIEVPGNSMTELMREKLLQLCTEAESILTPKDDSRIMYLGTPQTTFTVYRKLAERAYRPFVWPARYPKDITPYEGLIAPQLQEDIDNGAESGTVTDPDRFDDDDLQQRESAMGRSNFMLQFMLDTTLSDAEKFPLKMADLVITSVNPTEAPDNVIWCSDPQNIIKDAPTVGLPGDYFYSPMQLQGEWTPYQETICSVDPSGRGTDETAACYLSQKNGFLYLHEMRAYRDGYSDATLLDILKGCKKYNATTLVVETNFGDGIVSELFKKHLQQTKQAIFVDEVRANVRKEDRIIDSLEPVLNQHRLIVDRGVIDWDYSSNKDCPPESRLLYMLFYQMSRMCRMKFAVKHDDRLDCLAQGVKYFTDSLSISAQEQINLRKREEWEDILQGFLDDPQSSANHLVLGMDVNQRQQARGKTTGKEVPNWS,577
YP_214229.1,MPRLKLNRFRKLYKSLKTPWKPLNWLILGYLIGIENRYIEIVSKQTVDTAIEDYLDEMEDKMYEEDSIFNAKVEETEDGGWTIGYYPEDKDE,92
YP_214230.1,MNNVGLEIIFWTALTLYLLTRIGLFR,26
YP_214231.1,MKIFLDSAITTDIQDRLATEIIDGVTTNPTLIKKSNEDPDVVYKELYDMRVKDLSIEVRGETAQELCANGILYGRKYGEVATIKLPCTVEGLKACKKLSILGHKTNMTLVFSVSQAILCAHAGATYISPFVGRLDQIGEDGIQLIQDIAKVFCIHNIETQILAASIRSPKQAEDAYKAGAHICTLPVKVFDLMFRHHLTDEGLKQFALDFGRNV,214