BioCycID	MetaNexID
metacycM:CPD0-2582	MNXM167520
metacycM:D-PROLINE	MNXM162989
metacycM:CPD-19213	MNXM34163
metacycM:CPD-18931	MNXM155850
metacycM:CPD-13042	MNXM4666
metacycM:CPD-24216	MNXM1132795
metacycM:CPD-22051	MNXM145935
metacycM:CPD-22053	MNXM146022
metacycM:CPD-22052	MNXM146085
metacycM:CPD-22054	MNXM146103
metacycM:CPD-2205	MNXM725973
metacycM:CPD-22050	MNXM819352
metacycM:CPD-22055	MNXM819353
metacycM:CPD-22056	MNXM819354
metacycM:CPD-16508	MNXM12045
metacycM:CPD-7705	MNXM36765
metacycM:CPD-616	MNXM3437
metacycM:CPD-6161	MNXM65208
metacycM:CPD-6162	MNXM66257
metacycM:CPD-15508	MNXM101831
metacycM:4-IMIDAZOLEACETATE	MNXM728089
metacycM:CPD-9665	MNXM9224
metacycM:CPD-21423	MNXM146692
metacycM:CPD-1112	MNXM1530
metacycM:TRINAPHTAL-CPD	MNXM734270
metacycM:CPD-2461	MNXM61931
metacycM:CPD-15392	MNXM729141
metacycM:CPD-12247	MNXM8485
metacycM:CPD-14474	MNXM97137
metacycM:GLT	MNXM741173
metacycM:GLT-tRNAs	MNXM90886
metacycM:D-GLT	MNXM331
metacycM:GLYCOLLATE	MNXM222
metacycM:CPD-20357	MNXM126869
metacycM:D-ERYTHRULOSE	MNXM3572
metacycM:CPD0-2276	MNXM55342
metacycM:CPD-16942	MNXM37702
metacycM:LYS	MNXM1106164
metacycM:LYSO-ORNITHINE-LIPIDS	MNXM12147
metacycM:LYS2-peptidyl-carrier-protein	MNXM148909
metacycM:LYSOSOMAL-ENZYME-N-ETCETERA-MANNOSE	MNXM737821
metacycM:LYS-tRNAs	MNXM90881
metacycM:LYSOSOMAL-ENZYME-D-MANNOSE	MNXM93557
metacycM:CPD-23483	MNXM1132380
metacycM:3-DE-H-CARNITINE	MNXM1637
metacycM:ACETYL-GLUCOSAMINYL-ETCETERA-MANNOSYL-R	MNXM1133944
metacycM:ACETYL-GLU	MNXM730
metacycM:CPD-433	MNXM4711
metacycM:N-ACETYL-TRYPTOPHAN	MNXM1105825
metacycM:N-ACETYL-TRYPTOPHANAMIDE	MNXM63541
metacycM:25-DIAMINOPENTANOATE	MNXM741174
metacycM:PANTOTHENATE	MNXM734864
metacycM:PROCLAVAMINATE	MNXM1852
metacycM:CPD-22295	MNXM819466
metacycM:CPD-9373	MNXM13305
metacycM:N5-METHYLGLUTAMINE	MNXM3307
metacycM:CPD-23009	MNXM83842
metacycM:CPD-19909	MNXM818426
metacycM:CPD-20390	MNXM145238
metacycM:CPD-20378	MNXM126874
metacycM:CPD-23014	MNXM727840
metacycM:GUANINE	MNXM733114
metacycM:HYPOXANTHINE	MNXM732487
metacycM:SEROTONIN	MNXM357
metacycM:SERYL-AMP	MNXM726941
metacycM:SER	MNXM737787
metacycM:SER-tRNAs	MNXM91028
metacycM:TRP	MNXM741553
metacycM:TRP-tRNAs	MNXM90755
metacycM:CPD-16549	MNXM148643
metacycM:CPD-19755	MNXM10316
metacycM:CPD0-1653	MNXM63028
metacycM:CPD-22482	MNXM819522
metacycM:CPD-22295	MNXM819466
metacycM:CPD-22823	MNXM1132238
metacycM:CPD0-1652	MNXM53744
metacycM:CPD-18995	MNXM65337
metacycM:CPD-15508	MNXM101831
metacycM:CPD-23279	MNXM1120446
metacycM:5-METHYLTHIOADENOSINE	MNXM1101977
metacycM:CPD-22051	MNXM145935
metacycM:CPD-22053	MNXM146022
metacycM:CPD-22052	MNXM146085
metacycM:CPD-22054	MNXM146103
metacycM:CPD-2205	MNXM725973
metacycM:CPD-22050	MNXM819352
metacycM:CPD-22055	MNXM819353
metacycM:CPD-22056	MNXM819354
metacycM:BETAINE	MNXM289
metacycM:BETAINE_ALDEHYDE	MNXM457
metacycM:BETAINE-ALDEHYDE-HYDRATE	MNXM7131
metacycM:CPD0-2013	MNXM40294
metacycM:PANTOTHENATE	MNXM734864
metacycM:CPD-23483	MNXM1132380
metacycM:CPD0-2276	MNXM55342
metacycM:CPD-6641	MNXM101549
metacycM:CPD-6646	MNXM11298
metacycM:CPD-6642	MNXM19114
metacycM:CPD-6643	MNXM20407
metacycM:CPD-6644	MNXM22454
metacycM:CPD-664	MNXM737024
metacycM:CPD-6645	MNXM9751
metacycM:CPD-22295	MNXM819466
metacycM:CPD-8857	MNXM51409
metacycM:CPD-17722	MNXM127175
metacycM:L-Methionine-sulfoxides	MNXM1106044
metacycM:CPD0-1959	MNXM48565
metacycM:CPD-9291	MNXM63032
metacycM:CPD0-1653	MNXM63028
metacycM:CPD-22824	MNXM1132239
metacycM:PANTOTHENATE	MNXM734864
metacycM:CPD-12988	MNXM9385
metacycM:PIPERIDINE	MNXM4085
metacycM:CPD-20057	MNXM10708
metacycM:2-AMINOPHENOL	MNXM1100
metacycM:CPD-22921	MNXM1132289
metacycM:CPD-20407	MNXM1107167
metacycM:3-Methyl-Adenines	MNXM6094
metacycM:CPD-10829	MNXM35441
metacycM:CPD-7669	MNXM1944
metacycM:CPD-981	MNXM3501
metacycM:CPD-9810	MNXM37557
metacycM:CPD-9813	MNXM37559
metacycM:CPD-9812	MNXM37565
metacycM:CPD-9815	MNXM3913
metacycM:CPD-9814	MNXM46098
metacycM:CPD-9817	MNXM82549
metacycM:CPD-9819	MNXM82550
metacycM:CPD-9816	MNXM82552
metacycM:CPD-9818	MNXM82553
metacycM:P-AMINO-BENZOATE	MNXM421
metacycM:CPD-592	MNXM1312
metacycM:CPD-5922	MNXM3766
metacycM:CPD-5923	MNXM4379
metacycM:CPD-5921	MNXM726662
metacycM:CPD-3687	MNXM34877
metacycM:ADENINE	MNXM168
metacycM:ADENINE-RING	MNXM168
metacycM:ADENOSINE_DIPHOSPHATE_RIBOSE	MNXM1104545
metacycM:ADENOSINE	MNXM1105760
metacycM:ADENOSINE5TRIPHOSPHO5ADENOSINE	MNXM3683
metacycM:ADENOSINE-5-CARBOXAMIDE	MNXM40278
metacycM:AMP-LYSINE	MNXM41963
metacycM:AMP-MOR	MNXM41964
metacycM:AMP	MNXM728294
metacycM:AMP-GROUP	MNXM728294
metacycM:L-ASPARTATE	MNXM1108206
metacycM:L-ASPARTATE-SEMIALDEHYDE	MNXM361
metacycM:CPD-809	MNXM1545
metacycM:CPD-8094	MNXM165282
metacycM:CPD-8098	MNXM726798
metacycM:CPD-8091	MNXM7973
metacycM:CPD-8093	MNXM7978
metacycM:CPD-8090	MNXM7982
metacycM:CPD-8097	MNXM8593
metacycM:CPD-8092	MNXM9560
metacycM:CADAVERINE	MNXM943
metacycM:CHOLINE	MNXM90
metacycM:CPD-6747	MNXM7253
metacycM:CPD-6741	MNXM733902
metacycM:CPD-674	MNXM736095
metacycM:CPD-6746	MNXM8031
metacycM:CPD-6745	MNXM8501
metacycM:CPD-6743	MNXM8503
metacycM:CPD-6742	MNXM8504
metacycM:CPD-6744	MNXM8505
metacycM:L-CITRULLINE	MNXM732471
metacycM:CPD-20368	MNXM818630
metacycM:CPD-20369	MNXM127126
metacycM:CYCLOPENTANONE	MNXM1658
metacycM:CPD-7403	MNXM8478
metacycM:CPD-15099	MNXM731554
metacycM:CYTOSINE	MNXM761
metacycM:D-ALA-D-ALA	MNXM1104679
metacycM:DETHIOBIOTIN	MNXM1020
metacycM:ECTOINE	MNXM1101175
metacycM:CPD0-1265	MNXM731023
metacycM:CPD-20391	MNXM726305
metacycM:CPD-23014	MNXM727840
metacycM:GUANINE	MNXM733114
metacycM:HISTAMINE	MNXM635
metacycM:HYPOXANTHINE	MNXM732487
metacycM:INDOLE_ACETALDEHYDE	MNXM518
metacycM:CPD-341	MNXM1686
metacycM:CPD-23526	MNXM745158
metacycM:ILE	MNXM728337
metacycM:ILE-tRNAs	MNXM90879
metacycM:CPD-468	MNXM268
metacycM:CPD-4681	MNXM40189
metacycM:ARGININE-METHYL-ESTER	MNXM42569
metacycM:ARG	MNXM739527
metacycM:ARG-tRNAs	MNXM90751
metacycM:CPD-20027	MNXM149454
metacycM:CARNITINE	MNXM1105737
metacycM:GLT	MNXM741173
metacycM:GLT-tRNAs	MNXM90886
metacycM:GLN	MNXM37
metacycM:GLN-tRNAs	MNXM71
metacycM:HIS	MNXM1107769
metacycM:HISTIDINOL	MNXM1281
metacycM:HISTAMINE	MNXM635
metacycM:HISTIDINAL	MNXM735455
metacycM:HIS-tRNAs	MNXM90878
metacycM:HISTIDINOL	MNXM1281
metacycM:TYR-tRNA-Containing-2O-MeGuanosine	MNXM1134868
metacycM:TYRAMINE	MNXM603
metacycM:TYR	MNXM76
metacycM:TYR-tRNAs	MNXM90668
metacycM:LYS	MNXM1106164
metacycM:LYSO-ORNITHINE-LIPIDS	MNXM12147
metacycM:LYS2-peptidyl-carrier-protein	MNXM148909
metacycM:LYSOSOMAL-ENZYME-N-ETCETERA-MANNOSE	MNXM737821
metacycM:LYS-tRNAs	MNXM90881
metacycM:LYSOSOMAL-ENZYME-D-MANNOSE	MNXM93557
metacycM:CPD-15585	MNXM61589
metacycM:MORPHOLINE	MNXM62554
metacycM:CPD-569	MNXM1153
metacycM:N6N6N6-TRIMETHYL-L-LYSINE	MNXM1486
metacycM:NIACINAMIDE	MNXM216
metacycM:NIACINAMIDE	MNXM216
metacycM:O-SUCCINYL-L-HOMOSERINE	MNXM820
metacycM:CPD-309	MNXM3008
metacycM:COUMARATE	MNXM505
metacycM:PHENYLACETALDOXIME	MNXM1108059
metacycM:PHENYLHYDRAZINE	MNXM12639
metacycM:PHENYL	MNXM1719
metacycM:PHENYLACETONITRILE	MNXM2709
metacycM:PHENYLACETOTHIOHYDROXIMATE	MNXM2856
metacycM:PHENANTHRENE-34-DIOL	MNXM3080
metacycM:PHENOL	MNXM320
metacycM:PHENOLIC-STEROID	MNXM33595
metacycM:PHENANTHRENE-RING	MNXM3689
metacycM:PHENYLACETALDEHYDE	MNXM473
metacycM:PHENYLETHANOLAMINE	MNXM4776
metacycM:PHENOL-PHOSPHATE	MNXM5261
metacycM:PHENYLETHYLAMINE	MNXM660
metacycM:PHENYL-PYRUVATE	MNXM730221
metacycM:PHENYLHYDANTOIN	MNXM732333
metacycM:PHENYLACETATE	MNXM737265
metacycM:PHE	MNXM741664
metacycM:PHENYLGLYOXAL	MNXM75004
metacycM:PHENYLGLYOXYLATE	MNXM764
metacycM:PHE-tRNAs	MNXM90753
metacycM:PROTON	MNXM1
metacycM:PROPIONATE	MNXM1094052
metacycM:PROPIONYL_ADENYLATE	MNXM1103578
metacycM:PROPIONYL-COA	MNXM1106156
metacycM:PROTOPORPHYRIN_IX	MNXM1108136
metacycM:PROTEIN-PII	MNXM1136568
metacycM:PROTEIN-PII2	MNXM1136569
metacycM:PRO	MNXM114
metacycM:PRODUCTS-OF-ATP-BREAKDOWN	MNXM114234
metacycM:PROPANE-1-2-DIOL	MNXM1255
metacycM:PROCOLLAGEN-5-GALACTOSYLOXY-L-LYSINE	MNXM12753
metacycM:PROPIONAMIDE	MNXM12762
metacycM:PROTEIN-N-SAMP-LYSINE	MNXM148924
metacycM:PROPIONYL-P	MNXM1499
metacycM:PROCLAVAMINATE	MNXM1852
metacycM:PROTEIN-L-BETA-ISOASPARTATES	MNXM21317
metacycM:PROTEIN-L-BETA-ISOSPARTATE-METHYL-ESTERS	MNXM21318
metacycM:PROPENE	MNXM2421
metacycM:PROTOHEME	MNXM249
metacycM:PROTOPINE	MNXM3345
metacycM:PROTOPORPHYRINOGEN	MNXM351
metacycM:PROTOAPHIN-AGLUCONE	MNXM4793
metacycM:PROPANOL	MNXM6396
metacycM:PROTEIN-N-UBIQUITYL-LYSINE	MNXM6407
metacycM:PROTEIN-C-TERMINAL-S-FARNESYL-L-CYSTEINE	MNXM726294
metacycM:PROTEIN-S-HYDROXY-CYSTEINE	MNXM727627
metacycM:PROTEIN-L-CITRULLINE	MNXM728985
metacycM:PROCOLLAGEN-5-HYDROXY-L-LYSINE	MNXM730021
metacycM:PROSTAGLANDIN-H2	MNXM730289
metacycM:PROGESTERONE	MNXM730474
metacycM:PROT-CYS	MNXM73306
metacycM:PROCOLLAGEN-L-PROLINE	MNXM738619
metacycM:PROTEIN-C-TERMINAL-S-ETC-CYSTEINE	MNXM741314
metacycM:PROTEIN-LIPOYLLYSINE	MNXM7712
metacycM:PROPIONIC-ANHYDRIDE	MNXM78223
metacycM:PRO-tRNAs	MNXM90667
metacycM:PROCOLLAGEN-L-LYSINE	MNXM93848
metacycM:PROCOLLAGEN-3-HYDROXY-L-PROLINE	MNXM96598
metacycM:Pterins	MNXM1134699
metacycM:PYRIMIDINE-RING	MNXM1094080
metacycM:5-OXOPROLINE	MNXM722719
metacycM:RIBOFLAVIN	MNXM270
metacycM:ADENOSYL-HOMO-CYS	MNXM1102167
metacycM:SEROTONIN	MNXM357
metacycM:SERYL-AMP	MNXM726941
metacycM:SER	MNXM737787
metacycM:SER-tRNAs	MNXM91028
metacycM:L-1-GLYCERO-PHOSPHORYLCHOLINE	MNXM367
metacycM:CPD-3624	MNXM740620
metacycM:SPERMIDINE	MNXM124
metacycM:SPERMINE	MNXM408
metacycM:THR	MNXM142
metacycM:THREO-DS-ISO-CITRATE	MNXM162
metacycM:THREO-3-HYDROXY-L-ASPARTATE	MNXM4918
metacycM:THRYROXINE	MNXM726865
metacycM:THREOSE	MNXM741633
metacycM:THR-tRNAs	MNXM90883
metacycM:THYMINE	MNXM386
metacycM:TRIMETHYLAMINE-N-O	MNXM736072
metacycM:TRYPTAMINE	MNXM806
metacycM:TRP	MNXM741553
metacycM:TRP-tRNAs	MNXM90755
metacycM:TYRAMINE	MNXM603
metacycM:TYR-tRNA-Containing-2O-MeGuanosine	MNXM1134868
metacycM:TYRAMINE	MNXM603
metacycM:TYR	MNXM76
metacycM:TYR-tRNAs	MNXM90668
metacycM:URACIL	MNXM158
metacycM:UROCANATE	MNXM1108290
metacycM:VAL	MNXM199
metacycM:VALERATE	MNXM3382
metacycM:VALIDAMYCIN-A	MNXM732705
metacycM:VAL-tRNAs	MNXM90885
metacycM:XANTHINE	MNXM174
metacycM:XANTHINE-8-CARBOXYLATE	MNXM4880
