Protein ID,sequence,AA_len,Chai-1 predicted
YP_214179.1,MVKVHITAKSSNMKVGKIPVTTTEESSCPTTCPFYGGGCYAKSGFHLRSHWEKVSKGERGTDWDGLTDFIKSLKAGQLWRHNQAGDLPHVDGHINLRHLFDLVQANQASQAKGYTYTHHLLHTHNKEAIKYANNNGFTINCSTESLEAADSAMNQGMPAVTVIPSDHKAIESYKVVHDGKKQELFKVKEKISTPDGRKVVVCPAQTCAPTKCETCKLCSKADRNYVIAFVAHGGGKKKVNTFLNN,245,True
YP_214180.1,MNVLIGCEYSGVVREAFAARGHNAWSCDLLPSDTPTDKHYQGDIFDFVDGDWDLAIFHPPCTDLAISGAAHFPEKIKDGRQQRAIEFVERLYKCGIPRICIENPVGVLSTKSKLGKPTQYVQPYEHGHFETKKTGLWLRGLNPLTPTDIKDLTGLPKKVTQRLHYLPPSPDRWKIRSTTYQGIANAMASQWG,192,True
YP_214181.1,MFYNTINDVSSSLVTTRTQERIILDCFKAAKEPLSPSMVHFLTKLKCPITSIRRAMSDLTKQGSLTKTPKYTIGKFGKKEHLWVRGRV,88,False
YP_214182.1,MNQAQFVDELMSFLFGYDYEYLSDEDCSYELALGMIKEKYALKKVNEPELFPVNDSRRASLRETQAQQAAMRQGQL,76,False
YP_214183.1,MKTKTINVADLLTYAERYAISKIISERVGAEYGDLHEFKWQMSVTGHFEIPETL,54,False
YP_214184.1,MTIDVKQTLNYSAAIRKAEPDWDDDQVRRAAEHCVLYMDVRIKPSKLKKVLEQYKETNYL,60,False
YP_214185.1,MEGHDHEDVAWKAKDWCDTRGFELIDIKPLTGRYPL,36,False
YP_214186.1,MKRKPNKGQRYFPNSCEAIRNTPDKYFPSMPYEAFEDWKIYGYQIPESVFCIIRMKDSNGKYTEKFYNTERGAKNCITKCMHENKEIYMATMEGMYHLKPSDLPLDFNNTND,112,False
YP_214187.1,MTEKTFNIRKAELLRDINKHPHKDELLNIMQQQLADDNVIVVTD,44,False
YP_214188.1,MPKDIHLKLKIEAATKDSTLEQIVIDAVDMYLQTNCKDS,39,False
YP_214189.1,MTNSDPSRVVTDYQMAKLAQAIEHFRTLDKEIPAQVIATFLYVASHDDCSKVDLEKALAFSSASGSRNTDWLSEFHRLNKAGLGLLIKYRDPTNRRRQIVKLSPKGRILVQQLKTILYGQSDLG,124,False
YP_214190.1,MVKATWGNCLKHTINTRDSWIYGTGAKSAITYANYFTEFRGLGFPVEKITIPLIDELKQHLKTDGRANATINRCLSSIKTVLNHCKDHGLIFFEIPKWKKLKENKYQRIHFTKDEVEAIVTAAVEVHGRQDLADIINFAAYTGMRQGEILKLSASRVDFLQNCIHVGARREDTTKTGTYRAVPIHSSLKHMLVDRTQNAGARDLVFGYDWKDKDQLLRAFKKVINRYPINLASEDGYCFHSLRHSFGTWHFAAGTKPRNLMEMMGHANIATTLGYGHATDEGKQHDINNI,290,False
YP_214191.1,MPTTADLEMQERFERKQIKGGLERFRSNTNKLLEKDYASATVFGSSSIETLLPYLVKYIDQKKEDRKNIPIGRHIHLLPYLFSLDSESQGAITAKITFDKLFSPRKDNSKVANVVQAIGSALEAECQMRYYESSAPGLFETLKKNYWHQAKGTAYKAKSMTTLMNKHEDLERWKPWNRIERIKVGTWFLDCLMESSEWFERELSMHRGKTQQFVVPTDKFHKNKEEIIRLAELFSPLAWPMLIEPRDWSPMHDGGYYLNDLTKCHEMVRRGKPLRIQGETTYQFLNEIQKVKYRLNPFIVMVAEELEEREIEVGKFRPVINHPDPPKPPNMEDEESRKQWRKDKAIARNKNANEWRISCRTRMTMNCVREFKDKEYYIPWSFDYRGRAYPIPSFLTPQDTDFGKSLIRFAEEAPITEDGMKWLAFQVATTYGLDKATMEERLDWVNEPENIKLIKRVATDPINNIGDWEAADEPFEFLAGCEEYYSVVLIKTRTTTGLPVATDATCSGLQILAGLARDKSTASLVNVIPSDKPQDAYKVIAEKSLEHIPERLRPYWDRKKTKRCVMTIPYNAKPFSNRQYIRDAFEDIDIEVENDELTQIVKAVRDAMEAVVPGPMKVMRWIEQEVSNAIKEGATEITWVTPSGFRVNQRLMKYDHKNVELHLMGRCRIKVIDGEKGVDLRHHKNATAPNLIHSLDASLLHLSATKFNAPIALIHDSVLCRATDMTNLSTLVRDTYMHLFAEHDFLKDFAKAINAKTEPPIIGDLEPESVIESTYFFC,778,False
YP_214192.1,MKNIHVTKEPVTLEGYQAILKPSKFGYSLKAVVGSDIVDALETERADCLKWAESKLKNPKRATLKPTPWEEVEEGKFIVKFSWAEDKRPPVVDTEGTPITNEDVPVYEGSKVKIGFHQKPYILRDGVTYGTSLKLSGIQVVSIQSGAGVDTGDLDQDGVAELFGKTQGFKADDPNVTPAEEAPVPDDDF,189,False
YP_214193.1,MFKSGLEEKVSDLLCELGVDYEYEGTSFSYTIAHKYTPDFVLPNGVVLETKGFWRPEDRRKVRQVIAENPGIDLRMVFQDPYKKISKKSKTTYAQWCKRYGIKWCAFHAIPIDWLT,116,False
YP_214194.1,MTESEFIRHDPCPDCGSSDALAVYTDGHTFCFSCHTRKAGDGQLHTHQMQSNVSFKGSAQRLQKRGISEKTCEKYKIYRDETHLRFPYFDGSGCLKGFKTKDKLKNFKYEGVSTDTLFGQHLFPSTGKRIVITEGELDAASCYEAMENWPMVSLPHGAAGARKDLQKQIPLLQGYEEIVLFFDNDDAGRRAVEQAASILPLGKVKIARLEQYKDASDALQANDKDAIRRAIWDAKEYQPDGIVDGKSLLEQVTTPSPPCNHSYPFPGLQSMTHGIRYGELTTITAGTGQGKSTFCRQLATELLNTGTKVGYIALEESNRRTALGLMSVAVGKALHLGEHEYTTLKDAYDSTISSWDLYLYDHFGSLSADTIYSRIEYMALGLDIKVIFLDHLSILLSGLDGDERRMIDQTMTNLRSLVERTGIKLFLVSHLRRAQGDKAIEDGQKVSIGMLRGSASISQLSDTVLALERDQQNPDDVSTLRILKNRYSGETGVAAQLKYDKTTCKFNETTDPIFNPSTDF,520,False
YP_006355437.1,MSEKQMLVFDCETNGLLHDVSEIHCIAIYDSQKEKTFVFNNQGGDCYPITEALHWLTHADLIVGHNIIGYDLPVLRKTYSWFEPCNNVVDTLVLSRLYHPNMMDIDKKRNVARMPLQLYGRHSLEAYGYRLGEYKGEFGKTTDWKEWSQEMQDYCVQDVQVTTKLCEHFRPYLTGVR,177,False
YP_006355438.1,MRTLPPLPDWCSLEHRVAEILTEQEINGWTFDEQRSFKLESHLRREMEETQAILRGQFPFVAGSLFTPKRDNATQGYREGCEIQRIKEFNPTSRDHIAWILTTHFKVKLNKITTTGKPIIDEITLTEINIPFSLLCAKCLTIKKKLGMISEGVNAWNRLVTTEGRIHHHCSVSTNTFRCAHRKPNLGQVPADKEFRELFTASPGMTMVGADLSGIELRMLAHYLGRYDGGRYADILLNDDIHQVNADKIGITRRQVKTVTYAFLYGAGNLKLGLSYDNSLQPSKASKKGQEIRKAFVSAIDGLADLLAAVSAKATNGWLLAIDGRRVLVDSPHKALNYLLQCSAGVIAKRWMCIADSFEVAQDSHTHQLAFVHDELQYETLPEYAEVLMEALESSAKLAGEYYNLRCPIAAESKQGKTWADVH,423,False
YP_214195.1,MKTKNKSDFQIYQLEKNTLGDLCEYHVALEAAKRGAKVYKNISCVGYADLILEIDDRFIPIDVKARYWVDEKNSFRTKASTALCQVVCVEPDDVNGWTISWPLKHGGKTSEHVNCPEGLEAFWK,124,False
YP_214196.1,MKLLIDCDYIVYKCCASAETEIDFGEDVILVTSLFSEAYKCVERELQKVKDVFPFYEDIILFFTSPNNFRKKILPEYKGHRNRKKPCGYKRVIQELKKNYKVILRDTLEADDAMGIYATKHTGNVIVSPDKDMRQIAGKLYDFNETVDITPDEGARWHLIQTMAGDNTDGYSGVPGIGVKRAEQIFKLKGYTWKAVVETFEEKGMTEEDALMNARLARILTSTDYDHEKKEPILWTASADYKVDNRTRFQTETVGDPVI,259,False
YP_006355439.1,MTTRKKNQSFGPPPPITKLTTEQDFKLRQLEILLSKPETRKEDIAIVMIALQEQAFVLSNCIKNLIEKWPKPPTTTDPRTTNEVPLMFGILLETKDSDFTSET,103,False
YP_214197.1,MKSNTEPNIIARTGRVQSWIDNPTSRLPVSCTIFVVEDSMEGKDGIEASWRFVSHALRFGAGVAVHLSKLRPAGTRTNKGPDTLVASGPVSFAKIYSTLNEILRRGGTYRNGACVLHLDINHPDIIDFVQVKRQELPWVKRCVDLTREQWSNTETRTKEAIIQGIARGDIWLNKIKYDNDGNRIYSNVCLEVYLPSRGTCLLQHLNMSACRIGDIREGMREGMSDLCKLHSRTGIEESGEYLAPDIDRQVGFGLLGLANFLANNKITYAEFGKALRATNDAQPYEGYAGLAARELYLGIQEAANVARENNMVRAFAIAPTASCSYRSRDLHGYTATPEIAPPIARTVDRDSGEFGVEQVKYGNVEIASEVGWDAYKLVADQIMIMLERTGLLHGYSFNSWSDMVTYDEAFIEEWLESPQTSLYYSLQVMGDTQDKSDAYAALDQSEVDDYLAEIMSNNPDEIACDCQQ,468,False
YP_006355440.1,MKYLGEVVRTVTVPAFYTLILITPILLTSCKSKDKNSHGLNDVWTSPENSGLIQKLEQRKQLYKELLGETSGSTK,75,False
YP_006355441.1,MITMETESIQTSVLRFTCPHAERASYSTLICQPVVSATYEKVCVKVCQICASSIVGQGLKNLESILHQISTGKLDSDS,78,False
YP_214198.1,MNPYEKLLNRKRKWTPVQTTKGKLKYGAEETIYRALAVRNMECPVGAFVSDSLSEIPEKSRELLESNIKDEDNHDLALGYIANAIGVDDKAEAEALRLRDAWIEHPDHTILKALVIERAIFFVLLPFFRFNGDAGLRTVSADISRDEQIHVATNSLVCAELGLKPSQSLDKLRKATINWIMQPLNQIHDDQYLSKKFWLDASDRLMYEGKAPEFNETKAARMPAFFEHANTNLPQYS,237,False
YP_214199.1,MQTQISLSTLRLHNERLDKLLIKLEENFGWKPIHPKEDVQTIMYRAGQASVIDYIKSIMEDEI,63,False
YP_214200.1,MCIFRAPKPPEPPAPLPPAPVPPAPPAPPAPVPEPTVKPVNPAIREAQSKLGTKKGKKGSTADLRIEKQKQQVSSGTQGSINTGNTSTTGGIQ,93,False
YP_214201.1,MKARERYNQLTTARQMFLDKAVECSELTLPYLIDDDISSRPNHKSLTVPWQSVGAKCCVTLAAKLMLAVLPPQTSFFKLQVRDDKLGEELDPQIRSELDLSFSKMERMIMDYIAASNDRVAVHQALKHLIVGGNALIFMGKDGLKTFPLTRYVINRDGDGNVLEIVTKELISRKVLDIELPEPKPNTGIDESSTTNDDVTIYTYVKLDKSSGRWVWHQEAFDKIIPDSRSTAPKNASPWLPLRFNTVDGEDYGRGRVEEFLGDLKSLDGLSQSLIEGAAAASKVVFLVSPSSTTKPATIAKAGNGAIVQGRPEDVAVIQVGKTADFSTAANMATAIEKRLLEAFLVMNVRNAERVTAEEVRLTQLELEQQLGGIFSLLVIEFLIPYLNRTLLVLQRSNQIPKLPKDIVRPTIVAGVNALGRGQDRESLTAFVGTIAQTLGPEALMQYLNPLEAIKRLAAAQGIDVLNLVKTEQQLAEEQQAAQQQAAQQSLVDQAGQMTGSPLMDPTKNPQLMDEEQPPMEE,522,False
YP_214202.1,MAETLTVNDTPQQEGLTSEEQDSLQVGEKMVEQQGELLAGKYKNAEDLEKAYVELQKKLGDKEDAVSQEGREETEEVKDESEEEPKAEKSEAVTLLESANEEYFANGNKLSPETLEKFSAMSSQDLVQAYMEMQKNAPPAQTEVDVNTAEINKIQNSVGGESEYQKLVQWAGENLKENEVKAFDDLVGTGNAAAIQLGVDALKSKYDSANGYEGRMLSGKAADSSGDIFKSQAQLVKAMSDPRYDDDPAYRQDVIAKLDRSDLQF,265,False
YP_214203.1,MKTKDLDTLLENEYAYEPPIQLLPKQKLMSPEAERFNGWAAMLGFVAALGAYVTTGQIIPGVF,63,False
YP_214204.1,MAAISVTREGTTNWQKFCEWVTSTENRLYVGWFGVLMIPCLLAATTCFILAFIAAPPVDIDGIREPVSGSLMYGNNIISGAVVPSSNAIGLHFYPIWEAGTLDEWLYNGGPYQLVVFHFLIGVAAYAGRQWELSYRLGMRPWIFVAYTAPLSAALAVFLVYPFGQGSFSDGMPLGISGTFNFMFVFQAEHNILMHPFHMLGVAGVFGGSLFSAMHGSLVTSSIIKETTEDVSQNYGYKFGQDEETYNIVAAHGYFGRLIFQYASFNNSRSLHFFLATFPVVGIWLTSMGICTMAFNLNGFNFNQSVVDVNGKIIPTWADVLNRANLGFEVMHERNAHNFPLDLASAESTNIALTAPEIG,359,False
YP_214205.1,MKTQDPEILKLQKQVDKLLEEYRQEEYKKKEDPIGDPSY,39,False
YP_214206.1,MANANQVALGRSNLSTGTGYGGATDKYALYLKLFSGEMFKGFQHETIARDLVTKRTLKNGKSLQFIYTGRMTSSFHTPGTPILGNADKAPPVAEKTIVMDDLLISSAFVYDLDETLAHYELRGEISKKIGYALAEKYDRLIFRSITRGARSASPVSATNFVEPGGTQIRVGSGTNESDAFTASALVNAFYDAAAAMDEKGVSSQGRCAVLNPRQYYALIQDIGSNGLVNRDVQGSALQSGNGVIEIAGIHIYKSMNIPFLGKYGVKYGGTTGETSPGNLGSHIGPTPENANATGGVNNDYGTNAELGAKSCGLIFQKEAAGVVEAIGPQVQVTNGDVSVIYQGDVILGRMAMGADYLNPAAAVELYIGATAPSAF,375,False
YP_214207.1,MATTTIQPDTELSAVNSILGSIGQSPLTTLNYNNPETAFVYNLLVEANKDVQGEGWHFNTEDHVLVTPDATTKYINVPSNYLRYDLHSGHVDKSMDLVKRNGRLYDKVGHTDQFDDDLYLDIVTLYPFEDVPPIFQRYIISKAAVRAATQLVANRELVALLQVQEQSARANVLEYECNQGDHSFMGWPHESSYRPYQPYKALQR,204,False
YP_214208.1,MASVTQTIPTLTGGLSQQPDELKIPGQVSVANNVIPDVTHGLLKRPGGKLVASISDNGTAALNSQTNGKWFSYYRDETESYIGQVSRSGDINMWRCSDGQAMTVNYDSGTATALTTYLTHTNDEDIQTLTLNDYTFLTNRTKTVAMSSTVEPVRPPEVFIDLKATAYARQYAVNLFDNTTTTAVSTVTRIDVELIKSSNNYCDSNGAMVARTSRPSNSTRCDDSAGDGRDAYAPNVGTKVFNVTDGASLTDEANSGSYTYTIDVKDSSNNSVNRGVNLYFRIRTVGQSVPFTTGSGSSATTTYQARYTTTFDLLYGGTGWQEGDYFYVWMKDGYYKITVEAISTANVQANLGLIRPNPTPFDTETAVTAESIIGDIRTAIIATGNFTSANVQQIGTGLYVTRPSGTFNVTAPSSDLLRVMSGEVANVDDLPSQCKHGYVVKVANSEADADDYYVKFFGHNNRDGDGVWEECAKPSRNIEFDKGTMPIQLVRQANGTFTVSQATWQNAEVGDELTNPNPSFVGKTINQLVFFRNRLVFLSDENVIMSRPGEFFNFWSKTATTFTPQDVIDLSCSSTYPAIVYDGIQVNAGLLLFTKNQQFMLTTDSDILSPETAKINAVSSYNFNEKTHPVSLGTTVAFIDNANQFTRFFEMSNVVRQGEPDVVDQSKVISRLLDKNISLVSVSRENSVVFFSQKDTDKIYCFRYFTSGEKRLLQAWTTWTITGNIQYHCMLDDALYVVTRNNNKDQIVKYSLKLDDAGHFVTDTQGTTSTDDDSIYRVHLDHSSSVTAASNTYNTTTIKTTIPKPNGYESTKQLVAYDTDAGNDLGRYALVTVSGSNLEIPGNWSNNSFIIGYLYEMDVQLPTLYVTQQVGDKYRSDAKSSLIVHRIKFSFGPLGVYSTTIQRDGKPDFTETKELGLAGVVGASRLPIVPEVIETVPCYERNTNLKVNVKSEHPAPATLYSLAWEGDFTNRFYKRV,976,False
YP_214209.1,MSKFIHPVTKEAALDVASNLLPDDRREVEEGHGHDPVKVIPLCAAYGDSVYFTVPNGDLAGVAGVQEDGRIWMLCTPAIHKYPLTFAREAKRYVESREEKLLWNIVDKRNRVHIKLLRFLGFKFLRELKHGPNQLPFMEFCRVFRSGC,148,False
YP_214210.2,MCLGAAAKAANENARRRYKYENERRERNWMQTMSIYNAQKVKYDEDVQNAGLAQAQVKTDQQEAMDLARGEAQIKYAELFRKLLNDSTYGKLVASGQTGQSTRRRATMDYAKYGRDVSDIARRLTLNDRELARKSSEQISKYKQFKDEAFAKVAFQPIPDVAPPQPVMRNVGAEAFMGALSIASNVATMGGQSGFGWWGG,200,False
YP_214211.1,MTNSFFNFTEAPDFAAAIGATYESVNTSYDRREELEQKNDAVRLKNAETLEKLPEEIIKTLPTVKKAVDAINKKRREALLAKGYEGIDQELIDKDKESLNTLFNIGKAENFIKNEALKNGDNVTYETIDLSGPHGTRRRLLMIEEIKQRLATEFNPWVTKNYPAGFNTVQEARLAFDKYKQGILNNADELGFNLRFTKSQLKDSFNTVESTFYETTNTAITSKNVLKEQSRMISEVTHALNAEDPLKAFIEASEYNIGYFEGNIAKAERAFINIGLMGTKKGSINIDKFESVLFGEVTAKGDKTRILIDKLGGGEENRLWAEGVLNEIENAKKGVFENKELNRTNYAKGFVEGIQEEENKTNTRMTKVELARYVTENWDITQGGSNLPEFVKNRFAKETGDDILIKAELDYKLDKGIPITEKEVLKLSDPFVEAQYLAKVKTGNPLAPSSDFKALAKSQIKGYATVHAKQAGVAPGKESPQWNNIVENAEREYPLLFAKYMQTADSAVDAHILALKDLESRTNNGVYDNLVVNTDKNKIRSVELIKAEEHIKTIDPNVINTGLIFGTEEVIKEAAELPTGQTHLFYDQLAAKIPGVTGAEIQYKQVEIYNKMNKLEKPVKSDVLLAYEKLSPTVQFYLSHHPSPAKVARAKIEAFKDDAQIDFDEIDFLLPAAKEALEKTIEDEGASFILNELDTEEFLELDTEAQELIMPTPQLGEYNRAEPVEGNWQKIPNQIGYYVYKNGEWQKSGQRGKNKLEYKDLIDGYRDIDGYFKPTFKADPSNPNLGAWKKIPNAIGYFVWDGKEWVRSGQKGKGEEFEGDIENFRDINLDETIKKVN,837,False
YP_214212.1,MSSDYQIDIDAQAIQDSALEFNEIYEENEKIEAQKREQELLLQQQQEQAQAEFDDPRNKEGGGGLRGISKEIRSAIGGGLQDTASSIVTLPERAIDMFSGEMVQEQQTDEGYGAEWDDWFVDDANPIETKTWWGGALRSLVHFGSMAAAIIPAAKVLGVTAASTAVGSLVRGAGVGAVSDVISKYSQEDNGLGILRDRFNFIDTPISTKEHDHPAMKTLKNVVEGMGIGVVFDGLGIALGKGLRKTKINKAGQEVVEDGVSDAVNRATAREANVNAQIDEKAALQAQSMRGQYGGYKNKPISDPWQASPNSTGKAADVYYQKQRIDTDWGSQHGSTDSPFTQRQIENLSESADIAEKEMVELMKPFMSDARIQAEIQGLKSGQSLADKFYDSIRRAHEVMNGRERLEDIDPDMFAAFDARSDTIKGKKVWQTADVLAADFVIGALFRKARDHGIAGRELFEIADLADIDGPAKALYDTLVGAVIQRKIASYTRGMELKNLDVRNPANKQALKDGINAEIEKTKLAYQVAFKYAGDNQDDSLFRAYYEAVSMSNDIHNFDDFDAFIKRKLKGGELNGKVKTGVLIKELQGVMINSVLSGPKTSVRAIMGTGTATFLRPFSQVIGATLTGDKTTQRAALAAMSGMMESIPEAWKVFSTKLNSYWSGDISTIKTRFNQVTKGDEQWAMLGDWIENSGKANAGDKAAYYMANQARALNDNKFLTYSTKIMAATDDTFGFLLARSRAKEKAMRLAMEQLNKGNITEITPDLLKNAQDRFYAQITDADGNITEAATLFAKKEATLTTDLTGFSKGLNDVFEAAPWAKPFFLFARTGVNGLSLTAKHTPGFNFLVKEWNEIAFADPSNLSGLQRYGIETAEDLANAKALQVGRLAIGSSVISMAALHFMNGGLTGNGPADRQKRQAWIDAGYKPRTITIGGVQVSYDSFEPFNLILSTIADVGDYSQLMGEEWTEDQFQKLALVVAQGISSKSYMAGIQQFVDLFGGQAGSWERIISGLINNQIPLSSLRNELGKVFNPHMKELNSGIIESIRNRNLISEGLAINELPTKYDMLNGRPIKDWDFPTRMFNMFSPFYVNLDQSEGRKLLFNSGYDLRMSTYSSPDGIDLSDNARLRSLYMKAIGDQNLEAKLNKLAKNPKVIASIEKMQADLRAGKKEINPRTAYVHNKMIHTLFMEARKIAWAKVRNDPEALQLYAEDKRINIQNETSLNTTRNYTNQNAESNPSNLLLPYR,1245,False
YP_214213.1,MATTEHFYTGNGSTTSFAFTFPYLANVDVKVELDNVLKTENSSGQTNNDYTISNTNIVFNSAPGSGVIIHIYRNTNVDTAQATYAAGSSIRAVDLNNNQTQVLYSTQEAQSQIIRTTDIKDGAVNSTKIENNTIVNADINSSAAIDGSKIQASSGSNSGTMSAANFTKLGGIETGATADQTAAEIRTLVESASDSNVFTDADHTKLNGIESGATADQSVSEIKTLIAGSPLSNTHIAADADIAHSKLADVTSSQVLIGNASNVPTATSLSGDVTLNNAGVVTIANDAVEIGMIGCEQTTITDSDSHLPTSGAVVDYVSSQLAPIGGLEVIANEVSFPNTQPAAGVVISITDAGGVVFNGSGSSTTGRTLGGATVTINNAPTALNSETLVAGAGLMVSSTGSSNIYNYHKLFVKESDVVQLSDDINDFNSRYRIAASAPTSNNDEGDLYFDTAANKMFVYDGSAWGQVTSTGEFKILGIKDNGQAHNGSGPTFNGSNDRFDLFENASAADISQASQLLVVLNGVIQKPNDGSFSGTEEGYYLDGTDGIRFCDPPASGSTLFITKQGSATQINTPADNTITQAKIAVDAVDEQRLQVSNAPTNGYYLQAQSGNTGGLTWAAVPNPDLTQLSASNLTSGTIPDARFPSTLPAVSGANLTGLPPSCTGGGSDEIFWENGQTVTTNYTITNNKNAMSAGPITINNGIAVTIGTGENWTIV,715,False
YP_214214.1,MPITLNGSGTVSGISAGGLPDGIIQSADLASGVGGKILQIVSASKGDIQSWTGQSETELTNLAPTITPSSASNKILVLGTLYSSSDTAQVTAYNVVKRSINSGSFTIIGNHATASDSNSTQAHGHGGNFSGTWNLMNSSINFLDSPNTTQAIVYKWFFRSEITSTTYINKTGRNNTVYHPKTVSVLTLMEVAA,193,False
YP_214215.1,MSQLKLTADSGGGTVAIKAPASTTGNAAFELTVPGTGNRGLGKILQVLQTVKTDTSSTTAVNSFEDISGMSIAITPSSTSSKVLVMVDMRLSTNTNRNITYRLMRGSTVIYVGDSAGSRTQATGSMRLTDDAKYDMQSETAIFLDSPSTTSATTYKVQWTQTYSSSGESMYINRSYVDNDVDDRNRCASSITVQEVAA,198,False
YP_214216.1,MATLNATNLKHASSSSNNIVLAADGSVSMPNSSFGKILQVKQAVKTDTASSNTATFADLSGLSVSITPASSSNKILVSCALHVSSQQNSFQGFKVLRDSTAIGLGTAATGNMSNVSFATMAVNTGSAAYGLRSANFEFLDSPNSTSAITYKIQWASLYQSYTSYINRPYSTTNEAFNSHASSSITLYEVAA,191,False
YP_214217.1,MALDHEAIYSAYSGTVVSIDDSKGAFDKDGKSVTLDNDKVVAARKAIDDAYAAKEYQRKRKEEYPSWEDQLDKIYHSGIDAWKADIKAIKDKYPKP,96,False
YP_214218.1,MSRIIVDAIRNSSASSDGITLSSDGKVAFPNTNTGKILQVVNTTFNTRASLSITNRYLNNSANIYYVTGIDTTVTTTQANSKLLISGSLSGEFSNREDFFGYIFSSTIGGTTAPIDALRATTDSKTNRPRYTFLPSIAYSATNNDSTPNTTPFSNYLYAPAQASGTAITIRLGVACHTGGSETLYINQCVNTSTNDSDYEHSTSHMTVMEIAA,213,False
YP_214219.1,MPTIVIPPVQNIETISIPLPTGNVPFYKPLVVPPSDLREPEGVQAEASDEVDTGIRNVNIPVLDFNVPLPENEILITASTTAVVSVAATLTATAAFKYVVTAMKPILKTAWKKLSPKSQKV,121,False
YP_214220.1,MEEVKSEKPKGLIGKLKDAAEDKEHQIEVLGTFVRLGVVVWSGFIITMNYVDIPMVKKSGNSDITFVASVFTGALATFGLTTGKNGNGKKPECPMAKKPTTKA,103,False
YP_214221.1,MKKLILLLALLSPSIARANTVTPQFTTGSMNSTTTTTQTIVETEQVQVFGAALNTWSGTNITASASAGIAGGDAVFTVTDTTLPWTLETTTRAAGIVEQRDYTRNYTINSTTTSLSVFSQ,120,False
YP_214222.1,MAAATGNVTNQAVQFQNNGAPSRQSFGNNISCNGSTMTFSPFYMGNDTEPQTEDGYVISENWGFQINFSVPLNRDLTKQCERMAESQINKNKLDFELVRALKCAELQQKGFTLLPGSRVYHLCSDVVPIQSLIKKDVSNSKTTSSNWFKKP,151,False
YP_214223.1,MATEKELKEYNDFLGKHLKRFTDDSKVPTFQHWKKTKGTNRLVKKKSKLKIKKT,54,False
YP_214224.1,MKKATEEQFSELHQLVTNEFLSRVKSGQATTQDLKAACDWLKSNDITGVAYDGNPLDKLAKVMPQIDPELVKERMYGRRS,80,False
YP_214225.1,MAGGAKYANGNYKSQQKAYNKTKKGLALRVNANAINRAKGTYGNGDGKDVAHKKGKQNSKKAKDATLQSPSKNRKSRLKIRK,82,False
YP_214226.1,MTPLLPSPKHYLHNLITMTSSDSKRLWRRAIKEHFNCQCVYCGENYELHELTLDHVQPRSKGGQDLTTNVVCACQKCNQDKGSRNWLHWMRAKFGHSPHREKTISDHIAA,110,False
YP_214227.1,MSREKQKVYEKIQKGFQEDTIAGAKLRKDVPLLATNLNKAEHLEFLFKEYRKQGLIPKKFKNAEQLKNQLQKQLYAIWNKIAKEDPSVKNDKGFRIAFFNKYRQELLSKMVQKEAISKLTPAQKANPEIMDQISKMRWKGLPIKVNDKGKLSFDRRYFQDKVSQRVIKYANSLEPGLGDKWAKEMRASWNAIGERNRAIKANSGLSFDIGHFIPSKLDGPNVGINAAPEPSAANRSKGSTPFSADRNLARQLGIPESWMQSFTDWHLRQQGMDPNLLPKGYELKGSQVVDAASGISDPNAEIAKNRTQFELDQQEIPEGKLQSDFEIVDGQVIKKVKQTPSQQILGVINKRTNKLNTLSDLLQNPVENYEVNYTPKNGNGNGNGNGVNGKNGNGIAVNGKNGKNGFLKGMENVKNYSGLGKLRDADQLANIGLNVSTGNYVGAGIGATTYGTSKALQNKQVQARVAKQITKLVAERGAKSAAKMIPGLDILLSSKESWDYLKRGRWDQAGIAALSGAIGWIPVVGDGASAALDLSNTGLDIARLQAPTGTKKKKNKNTLTRFFKGLNT,568,False
YP_214228.1,MNDTLKALQGDFKLFLQALWDQLDLPSPTRAQYAIADYLQSGPKRLQIQAFRGVGKSWITGAFVLWTLFNDAEKKIMIISASKERADNMSIFLQKLIIETPWLKHLRPKSDDARWSRISFDVLCSPHQAPSVKSVGITGQLTGSRADLMILDDIEVPGNSMTELMREKLLQLCTEAESILTPKDDSRIMYLGTPQTTFTVYRKLAERAYRPFVWPARYPKDITPYEGLIAPQLQEDIDNGAESGTVTDPDRFDDDDLQQRESAMGRSNFMLQFMLDTTLSDAEKFPLKMADLVITSVNPTEAPDNVIWCSDPQNIIKDAPTVGLPGDYFYSPMQLQGEWTPYQETICSVDPSGRGTDETAACYLSQKNGFLYLHEMRAYRDGYSDATLLDILKGCKKYNATTLVVETNFGDGIVSELFKKHLQQTKQAIFVDEVRANVRKEDRIIDSLEPVLNQHRLIVDRGVIDWDYSSNKDCPPESRLLYMLFYQMSRMCRMKFAVKHDDRLDCLAQGVKYFTDSLSISAQEQINLRKREEWEDILQGFLDDPQSSANHLVLGMDVNQRQQARGKTTGKEVPNWS,577,False
YP_214229.1,MPRLKLNRFRKLYKSLKTPWKPLNWLILGYLIGIENRYIEIVSKQTVDTAIEDYLDEMEDKMYEEDSIFNAKVEETEDGGWTIGYYPEDKDE,92,False
YP_214230.1,MNNVGLEIIFWTALTLYLLTRIGLFR,26,False
YP_214231.1,MKIFLDSAITTDIQDRLATEIIDGVTTNPTLIKKSNEDPDVVYKELYDMRVKDLSIEVRGETAQELCANGILYGRKYGEVATIKLPCTVEGLKACKKLSILGHKTNMTLVFSVSQAILCAHAGATYISPFVGRLDQIGEDGIQLIQDIAKVFCIHNIETQILAASIRSPKQAEDAYKAGAHICTLPVKVFDLMFRHHLTDEGLKQFALDFGRNV,214,False
